{
    "addontype": "",
    "cattitle": "Icon Boxes",
    "name": "blox_side_small_round_icon_box",
    "alias": "",
    "title": "Side Small Round Icon Box",
    "description": "",
    "config": {
        "options": {
            "enable_items": "false",
            "path_assets": "blox-side-small-round-icon-box",
            "description": "",
            "link_resource": "",
            "show_small_icon": "true",
            "preview_size_unite_selected_text": "Full Size",
            "preview_size": "full",
            "preview_custom_width": "",
            "preview_bgcol": "#ffffff",
            "is_free_addon": "true"
        },
        "params": [
            {
                "type": "uc_textfield",
                "title": "Title",
                "name": "title",
                "description": "",
                "admin_label": "false",
                "default_value": "Default Title",
                "font_editable": "true"
            },
            {
                "type": "uc_textarea",
                "title": "Description",
                "name": "description",
                "description": "",
                "admin_label": "false",
                "default_value": "Cras sagittis. Vivamus in erat urna cursus vestibulum. Vestibulum rutrum, mi nec elementum vehiculaid fringilla.\n",
                "font_editable": "true"
            },
            {
                "type": "uc_icon",
                "title": "Icon",
                "name": "icon",
                "description": "",
                "admin_label": "false",
                "default_value": "fa fa-heart"
            },
            {
                "type": "uc_colorpicker",
                "title": "Icon background",
                "name": "icon_bg",
                "description": "",
                "admin_label": "false",
                "default_value": "#f03838"
            },
            {
                "type": "uc_colorpicker",
                "title": "Icon Color",
                "name": "icon_clr",
                "description": "",
                "admin_label": "false",
                "default_value": "#ffffff"
            },
            {
                "type": "uc_number",
                "title": "Icon Circle Size",
                "name": "icon_circle_size",
                "description": "",
                "admin_label": "false",
                "default_value": "62",
                "unit": "",
                "unit_custom": ""
            },
            {
                "type": "uc_number",
                "title": "Icon Size",
                "name": "icon_size",
                "description": "",
                "admin_label": "false",
                "default_value": "28",
                "unit": "",
                "unit_custom": ""
            }
        ],
        "params_items": [
            {
                "type": "uc_textfield",
                "title": "Title",
                "name": "title",
                "description": "",
                "default_value": "",
                "limited_edit": "true"
            }
        ],
        "includes": {
            "js": [],
            "jslib": [
                "font-awsome"
            ],
            "css": [
                {
                    "url": "blox-side-small-round-icon-box\/blox-side-small-round-icon-box.css",
                    "condition": ""
                }
            ]
        },
        "variables_item": "",
        "variables_main": ""
    },
    "templates": [
        "html",
        "css"
    ]
}